Reference,Verses,Words,Wd/Vs,Time (150 WPM),Time (200 WPM),Time (250 WPM)
Genesis 1,31,797,25.7,5m 18s,3m 59s,3m 11s
Genesis 2,25,632,25.3,4m 12s,3m 9s,2m 31s
Genesis 3,24,695,29.0,4m 38s,3m 28s,2m 46s
Genesis 4,26,632,24.3,4m 12s,3m 9s,2m 31s
Genesis 5,32,504,15.8,3m 21s,2m 31s,2m 0s
Genesis 6,22,579,26.3,3m 51s,2m 53s,2m 18s
Genesis 7,24,584,24.3,3m 53s,2m 55s,2m 20s
Genesis 8,22,586,26.6,3m 54s,2m 55s,2m 20s
Genesis 9,29,658,22.7,4m 23s,3m 17s,2m 37s
Genesis 10,32,495,15.5,3m 18s,2m 28s,1m 58s
Genesis 11,32,606,18.9,4m 2s,3m 1s,2m 25s
Genesis 12,20,536,26.8,3m 34s,2m 40s,2m 8s
Genesis 13,18,457,25.4,3m 2s,2m 17s,1m 49s
Genesis 14,24,606,25.2,4m 2s,3m 1s,2m 25s
Genesis 15,21,471,22.4,3m 8s,2m 21s,1m 53s
Genesis 16,16,412,25.8,2m 44s,2m 3s,1m 38s
Genesis 17,27,679,25.1,4m 31s,3m 23s,2m 42s
Genesis 18,33,867,26.3,5m 46s,4m 20s,3m 28s
Genesis 19,38,1108,29.2,7m 23s,5m 32s,4m 25s
Genesis 20,18,498,27.7,3m 19s,2m 29s,1m 59s
Genesis 21,34,774,22.8,5m 9s,3m 52s,3m 5s
Genesis 22,24,629,26.2,4m 11s,3m 8s,2m 30s
Genesis 23,20,539,27.0,3m 35s,2m 41s,2m 9s
Genesis 24,67,1816,27.1,12m 6s,9m 4s,7m 15s
Genesis 25,34,706,20.8,4m 42s,3m 31s,2m 49s
Genesis 26,35,889,25.4,5m 55s,4m 26s,3m 33s
Genesis 27,46,1262,27.4,8m 24s,6m 18s,5m 2s
Genesis 28,22,621,28.2,4m 8s,3m 6s,2m 29s
Genesis 29,35,830,23.7,5m 32s,4m 9s,3m 19s
Genesis 30,43,1022,23.8,6m 48s,5m 6s,4m 5s
Genesis 31,55,1417,25.8,9m 26s,7m 5s,5m 40s
Genesis 32,32,794,24.8,5m 17s,3m 58s,3m 10s
Genesis 33,20,508,25.4,3m 23s,2m 32s,2m 1s
Genesis 34,31,790,25.5,5m 16s,3m 57s,3m 9s
Genesis 35,29,664,22.9,4m 25s,3m 19s,2m 39s
Genesis 36,43,845,19.7,5m 38s,4m 13s,3m 22s
Genesis 37,36,942,26.2,6m 16s,4m 42s,3m 46s
Genesis 38,30,819,27.3,5m 27s,4m 5s,3m 16s
Genesis 39,23,666,29.0,4m 26s,3m 19s,2m 39s
Genesis 40,23,580,25.2,3m 52s,2m 54s,2m 19s
Genesis 41,57,1404,24.6,9m 21s,7m 1s,5m 36s
Genesis 42,38,977,25.7,6m 30s,4m 53s,3m 54s
Genesis 43,34,938,27.6,6m 15s,4m 41s,3m 45s
Genesis 44,34,874,25.7,5m 49s,4m 22s,3m 29s
Genesis 45,28,731,26.1,4m 52s,3m 39s,2m 55s
Genesis 46,34,766,22.5,5m 6s,3m 49s,3m 3s
Genesis 47,31,965,31.1,6m 26s,4m 49s,3m 51s
Genesis 48,22,639,29.0,4m 15s,3m 11s,2m 33s
Genesis 49,33,766,23.2,5m 6s,3m 49s,3m 3s
Genesis 50,26,687,26.4,4m 34s,3m 26s,2m 44s
Exodus 1,22,457,20.8,3m 2s,2m 17s,1m 49s
Exodus 2,25,657,26.3,4m 22s,3m 17s,2m 37s
Exodus 3,22,791,36.0,5m 16s,3m 57s,3m 9s
Exodus 4,31,891,28.7,5m 56s,4m 27s,3m 33s
Exodus 5,23,594,25.8,3m 57s,2m 58s,2m 22s
Exodus 6,30,753,25.1,5m 1s,3m 45s,3m 0s
Exodus 7,25,692,27.7,4m 36s,3m 27s,2m 46s
Exodus 8,32,936,29.2,6m 14s,4m 40s,3m 44s
Exodus 9,35,982,28.1,6m 32s,4m 54s,3m 55s
Exodus 10,29,899,31.0,5m 59s,4m 29s,3m 35s
Exodus 11,10,324,32.4,2m 9s,1m 37s,1m 17s
Exodus 12,51,1493,29.3,9m 57s,7m 27s,5m 58s
Exodus 13,22,675,30.7,4m 30s,3m 22s,2m 42s
Exodus 14,31,931,30.0,6m 12s,4m 39s,3m 43s
Exodus 15,27,713,26.4,4m 45s,3m 33s,2m 51s
Exodus 16,36,1062,29.5,7m 4s,5m 18s,4m 14s
Exodus 17,16,465,29.1,3m 6s,2m 19s,1m 51s
Exodus 18,27,760,28.1,5m 4s,3m 48s,3m 2s
Exodus 19,25,702,28.1,4m 40s,3m 30s,2m 48s
Exodus 20,26,561,21.6,3m 44s,2m 48s,2m 14s
Exodus 21,36,893,24.8,5m 57s,4m 27s,3m 34s
Exodus 22,31,790,25.5,5m 16s,3m 57s,3m 9s
Exodus 23,33,828,25.1,5m 31s,4m 8s,3m 18s
Exodus 24,18,492,27.3,3m 16s,2m 27s,1m 58s
Exodus 25,40,926,23.2,6m 10s,4m 37s,3m 42s
Exodus 26,37,937,25.3,6m 14s,4m 41s,3m 44s
Exodus 27,21,558,26.6,3m 43s,2m 47s,2m 13s
Exodus 28,43,1235,28.7,8m 13s,6m 10s,4m 56s
Exodus 29,46,1341,29.2,8m 56s,6m 42s,5m 21s
Exodus 30,38,970,25.5,6m 28s,4m 51s,3m 52s
Exodus 31,18,438,24.3,2m 55s,2m 11s,1m 45s
Exodus 32,35,1093,31.2,7m 17s,5m 27s,4m 22s
Exodus 33,23,710,30.9,4m 44s,3m 33s,2m 50s
Exodus 34,35,1004,28.7,6m 41s,5m 1s,4m 0s
Exodus 35,35,820,23.4,5m 28s,4m 5s,3m 16s
Exodus 36,38,892,23.5,5m 56s,4m 27s,3m 34s
Exodus 37,29,738,25.4,4m 55s,3m 41s,2m 57s
Exodus 38,31,832,26.8,5m 32s,4m 9s,3m 19s
Exodus 39,43,1030,24.0,6m 52s,5m 9s,4m 7s
Exodus 40,38,821,21.6,5m 28s,4m 6s,3m 17s
Leviticus 1,17,525,30.9,3m 30s,2m 37s,2m 6s
Leviticus 2,16,486,30.4,3m 14s,2m 25s,1m 56s
Leviticus 3,17,511,30.1,3m 24s,2m 33s,2m 2s
Leviticus 4,35,1157,33.1,7m 42s,5m 47s,4m 37s
Leviticus 5,19,723,38.1,4m 49s,3m 36s,2m 53s
Leviticus 6,30,892,29.7,5m 56s,4m 27s,3m 34s
Leviticus 7,38,1056,27.8,7m 2s,5m 16s,4m 13s
Leviticus 8,36,988,27.4,6m 35s,4m 56s,3m 57s
Leviticus 9,24,624,26.0,4m 9s,3m 7s,2m 29s
Leviticus 10,20,628,31.4,4m 11s,3m 8s,2m 30s
Leviticus 11,47,1115,23.7,7m 26s,5m 34s,4m 27s
Leviticus 12,8,262,32.8,1m 44s,1m 18s,1m 2s
Leviticus 13,59,1857,31.5,12m 22s,9m 17s,7m 25s
Leviticus 14,57,1713,30.1,11m 25s,8m 33s,6m 51s
Leviticus 15,33,919,27.8,6m 7s,4m 35s,3m 40s
Leviticus 16,34,1157,34.0,7m 42s,5m 47s,4m 37s
Leviticus 17,16,553,34.6,3m 41s,2m 45s,2m 12s
Leviticus 18,30,667,22.2,4m 26s,3m 20s,2m 40s
Leviticus 19,37,898,24.3,5m 59s,4m 29s,3m 35s
Leviticus 20,27,836,31.0,5m 34s,4m 10s,3m 20s
Leviticus 21,24,587,24.5,3m 54s,2m 56s,2m 20s
Leviticus 22,33,879,26.6,5m 51s,4m 23s,3m 30s
Leviticus 23,44,1222,27.8,8m 8s,6m 6s,4m 53s
Leviticus 24,23,551,24.0,3m 40s,2m 45s,2m 12s
Leviticus 25,55,1532,27.9,10m 12s,7m 39s,6m 7s
Leviticus 26,46,1247,27.1,8m 18s,6m 14s,4m 59s
Leviticus 27,34,956,28.1,6m 22s,4m 46s,3m 49s
Numbers 1,54,1333,24.7,8m 53s,6m 39s,5m 19s
Numbers 2,34,828,24.4,5m 31s,4m 8s,3m 18s
Numbers 3,51,1291,25.3,8m 36s,6m 27s,5m 9s
Numbers 4,49,1416,28.9,9m 26s,7m 4s,5m 39s
Numbers 5,31,898,29.0,5m 59s,4m 29s,3m 35s
Numbers 6,27,742,27.5,4m 56s,3m 42s,2m 58s
Numbers 7,89,1939,21.8,12m 55s,9m 41s,7m 45s
Numbers 8,26,687,26.4,4m 34s,3m 26s,2m 44s
Numbers 9,23,722,31.4,4m 48s,3m 36s,2m 53s
Numbers 10,36,891,24.8,5m 56s,4m 27s,3m 33s
Numbers 11,35,1056,30.2,7m 2s,5m 16s,4m 13s
Numbers 12,16,384,24.0,2m 33s,1m 55s,1m 32s
Numbers 13,33,741,22.5,4m 56s,3m 42s,2m 57s
Numbers 14,45,1181,26.2,7m 52s,5m 54s,4m 43s
Numbers 15,41,1068,26.0,7m 7s,5m 20s,4m 16s
Numbers 16,50,1341,26.8,8m 56s,6m 42s,5m 21s
Numbers 17,13,335,25.8,2m 14s,1m 40s,1m 20s
Numbers 18,32,1112,34.8,7m 24s,5m 33s,4m 26s
Numbers 19,22,683,31.0,4m 33s,3m 24s,2m 43s
Numbers 20,29,792,27.3,5m 16s,3m 57s,3m 10s
Numbers 21,35,931,26.6,6m 12s,4m 39s,3m 43s
Numbers 22,41,1201,29.3,8m 0s,6m 0s,4m 48s
Numbers 23,30,743,24.8,4m 57s,3m 42s,2m 58s
Numbers 24,25,659,26.4,4m 23s,3m 17s,2m 38s
Numbers 25,18,445,24.7,2m 58s,2m 13s,1m 46s
Numbers 26,65,1446,22.2,9m 38s,7m 13s,5m 47s
Numbers 27,23,610,26.5,4m 4s,3m 3s,2m 26s
Numbers 28,31,779,25.1,5m 11s,3m 53s,3m 6s
Numbers 29,40,954,23.8,6m 21s,4m 46s,3m 48s
Numbers 30,16,503,31.4,3m 21s,2m 30s,2m 0s
Numbers 31,54,1208,22.4,8m 3s,6m 2s,4m 49s
Numbers 32,42,1009,24.0,6m 43s,5m 2s,4m 2s
Numbers 33,56,928,16.6,6m 11s,4m 38s,3m 42s
Numbers 34,29,630,21.7,4m 12s,3m 9s,2m 31s
Numbers 35,34,965,28.4,6m 26s,4m 49s,3m 51s
Numbers 36,13,445,34.2,2m 58s,2m 13s,1m 46s
Deuteronomy 1,46,1262,27.4,8m 24s,6m 18s,5m 2s
Deuteronomy 2,37,1021,27.6,6m 48s,5m 6s,4m 5s
Deuteronomy 3,29,815,28.1,5m 26s,4m 4s,3m 15s
Deuteronomy 4,49,1503,30.7,10m 1s,7m 30s,6m 0s
Deuteronomy 5,33,921,27.9,6m 8s,4m 36s,3m 41s
Deuteronomy 6,25,643,25.7,4m 17s,3m 12s,2m 34s
Deuteronomy 7,26,843,32.4,5m 37s,4m 12s,3m 22s
Deuteronomy 8,20,566,28.3,3m 46s,2m 49s,2m 15s
Deuteronomy 9,29,963,33.2,6m 25s,4m 48s,3m 51s
Deuteronomy 10,22,604,27.5,4m 1s,3m 1s,2m 24s
Deuteronomy 11,32,950,29.7,6m 20s,4m 45s,3m 48s
Deuteronomy 12,32,1055,33.0,7m 2s,5m 16s,4m 13s
Deuteronomy 13,18,627,34.8,4m 10s,3m 8s,2m 30s
Deuteronomy 14,29,708,24.4,4m 43s,3m 32s,2m 49s
Deuteronomy 15,23,707,30.7,4m 42s,3m 32s,2m 49s
Deuteronomy 16,22,710,32.3,4m 44s,3m 33s,2m 50s
Deuteronomy 17,20,707,35.4,4m 42s,3m 32s,2m 49s
Deuteronomy 18,22,611,27.8,4m 4s,3m 3s,2m 26s
Deuteronomy 19,21,608,29.0,4m 3s,3m 2s,2m 25s
Deuteronomy 20,20,646,32.3,4m 18s,3m 13s,2m 35s
Deuteronomy 21,23,731,31.8,4m 52s,3m 39s,2m 55s
Deuteronomy 22,30,894,29.8,5m 57s,4m 28s,3m 34s
Deuteronomy 23,25,685,27.4,4m 34s,3m 25s,2m 44s
Deuteronomy 24,22,681,31.0,4m 32s,3m 24s,2m 43s
Deuteronomy 25,19,562,29.6,3m 44s,2m 48s,2m 14s
Deuteronomy 26,19,667,35.1,4m 26s,3m 20s,2m 40s
Deuteronomy 27,26,599,23.0,3m 59s,2m 59s,2m 23s
Deuteronomy 28,68,2075,30.5,13m 50s,10m 22s,8m 18s
Deuteronomy 29,29,851,29.3,5m 40s,4m 15s,3m 24s
Deuteronomy 30,20,665,33.2,4m 26s,3m 19s,2m 39s
Deuteronomy 31,30,1041,34.7,6m 56s,5m 12s,4m 9s
Deuteronomy 32,52,1306,25.1,8m 42s,6m 31s,5m 13s
Deuteronomy 33,29,805,27.8,5m 22s,4m 1s,3m 13s
Deuteronomy 34,12,320,26.7,2m 8s,1m 36s,1m 16s
Joshua 1,18,573,31.8,3m 49s,2m 51s,2m 17s
Joshua 2,24,768,32.0,5m 7s,3m 50s,3m 4s
Joshua 3,17,566,33.3,3m 46s,2m 49s,2m 15s
Joshua 4,24,707,29.5,4m 42s,3m 32s,2m 49s
Joshua 5,15,550,36.7,3m 40s,2m 45s,2m 12s
Joshua 6,27,904,33.5,6m 1s,4m 31s,3m 36s
Joshua 7,26,927,35.7,6m 10s,4m 38s,3m 42s
Joshua 8,35,1221,34.9,8m 8s,6m 6s,4m 53s
Joshua 9,27,800,29.6,5m 20s,4m 0s,3m 12s
Joshua 10,43,1393,32.4,9m 17s,6m 57s,5m 34s
Joshua 11,23,717,31.2,4m 46s,3m 35s,2m 52s
Joshua 12,24,486,20.2,3m 14s,2m 25s,1m 56s
Joshua 13,33,825,25.0,5m 30s,4m 7s,3m 18s
Joshua 14,15,485,32.3,3m 14s,2m 25s,1m 56s
Joshua 15,63,1032,16.4,6m 52s,5m 9s,4m 7s
Joshua 16,10,253,25.3,1m 41s,1m 15s,1m 0s
Joshua 17,18,660,36.7,4m 24s,3m 18s,2m 38s
Joshua 18,28,770,27.5,5m 8s,3m 51s,3m 4s
Joshua 19,51,944,18.5,6m 17s,4m 43s,3m 46s
Joshua 20,9,308,34.2,2m 3s,1m 32s,1m 13s
Joshua 21,45,1026,22.8,6m 50s,5m 7s,4m 6s
Joshua 22,34,1321,38.9,8m 48s,6m 36s,5m 17s
Joshua 23,16,574,35.9,3m 49s,2m 52s,2m 17s
Joshua 24,33,1044,31.6,6m 57s,5m 13s,4m 10s
Judges 1,36,962,26.7,6m 24s,4m 48s,3m 50s
Judges 2,23,692,30.1,4m 36s,3m 27s,2m 46s
Judges 3,31,842,27.2,5m 36s,4m 12s,3m 22s
Judges 4,24,761,31.7,5m 4s,3m 48s,3m 2s
Judges 5,31,755,24.4,5m 2s,3m 46s,3m 1s
Judges 6,40,1295,32.4,8m 38s,6m 28s,5m 10s
Judges 7,25,952,38.1,6m 20s,4m 45s,3m 48s
Judges 8,35,987,28.2,6m 34s,4m 56s,3m 56s
Judges 9,57,1667,29.2,11m 6s,8m 20s,6m 40s
Judges 10,18,473,26.3,3m 9s,2m 21s,1m 53s
Judges 11,40,1235,30.9,8m 13s,6m 10s,4m 56s
Judges 12,15,399,26.6,2m 39s,1m 59s,1m 35s
Judges 13,25,765,30.6,5m 6s,3m 49s,3m 3s
Judges 14,20,706,35.3,4m 42s,3m 31s,2m 49s
Judges 15,20,648,32.4,4m 19s,3m 14s,2m 35s
Judges 16,31,1110,35.8,7m 24s,5m 33s,4m 26s
Judges 17,13,385,29.6,2m 34s,1m 55s,1m 32s
Judges 18,31,1035,33.4,6m 54s,5m 10s,4m 8s
Judges 19,30,1102,36.7,7m 20s,5m 30s,4m 24s
Judges 20,48,1455,30.3,9m 42s,7m 16s,5m 49s
Judges 21,25,740,29.6,4m 56s,3m 42s,2m 57s
Ruth 1,22,649,29.5,4m 19s,3m 14s,2m 35s
Ruth 2,23,763,33.2,5m 5s,3m 48s,3m 3s
Ruth 3,18,541,30.1,3m 36s,2m 42s,2m 9s
Ruth 4,22,621,28.2,4m 8s,3m 6s,2m 29s
1 Samuel 1,28,782,27.9,5m 12s,3m 54s,3m 7s
1 Samuel 2,36,1104,30.7,7m 21s,5m 31s,4m 24s
1 Samuel 3,21,549,26.1,3m 39s,2m 44s,2m 11s
1 Samuel 4,22,733,33.3,4m 53s,3m 39s,2m 55s
1 Samuel 5,12,439,36.6,2m 55s,2m 11s,1m 45s
1 Samuel 6,21,752,35.8,5m 0s,3m 45s,3m 0s
1 Samuel 7,17,510,30.0,3m 24s,2m 33s,2m 2s
1 Samuel 8,22,541,24.6,3m 36s,2m 42s,2m 9s
1 Samuel 9,27,990,36.7,6m 36s,4m 57s,3m 57s
1 Samuel 10,27,863,32.0,5m 45s,4m 18s,3m 27s
1 Samuel 11,15,503,33.5,3m 21s,2m 30s,2m 0s
1 Samuel 12,25,771,30.8,5m 8s,3m 51s,3m 5s
1 Samuel 13,23,697,30.3,4m 38s,3m 29s,2m 47s
1 Samuel 14,52,1606,30.9,10m 42s,8m 1s,6m 25s
1 Samuel 15,35,981,28.0,6m 32s,4m 54s,3m 55s
1 Samuel 16,23,680,29.6,4m 32s,3m 24s,2m 43s
1 Samuel 17,58,1719,29.6,11m 27s,8m 35s,6m 52s
1 Samuel 18,30,845,28.2,5m 38s,4m 13s,3m 22s
1 Samuel 19,24,696,29.0,4m 38s,3m 28s,2m 47s
1 Samuel 20,42,1289,30.7,8m 35s,6m 26s,5m 9s
1 Samuel 21,15,499,33.3,3m 19s,2m 29s,1m 59s
1 Samuel 22,23,761,33.1,5m 4s,3m 48s,3m 2s
1 Samuel 23,29,831,28.7,5m 32s,4m 9s,3m 19s
1 Samuel 24,22,661,30.0,4m 24s,3m 18s,2m 38s
1 Samuel 25,44,1452,33.0,9m 40s,7m 15s,5m 48s
1 Samuel 26,25,849,34.0,5m 39s,4m 14s,3m 23s
1 Samuel 27,12,385,32.1,2m 34s,1m 55s,1m 32s
1 Samuel 28,25,835,33.4,5m 34s,4m 10s,3m 20s
1 Samuel 29,11,421,38.3,2m 48s,2m 6s,1m 41s
1 Samuel 30,31,956,30.8,6m 22s,4m 46s,3m 49s
1 Samuel 31,13,348,26.8,2m 19s,1m 44s,1m 23s
2 Samuel 1,27,712,26.4,4m 44s,3m 33s,2m 50s
2 Samuel 2,32,911,28.5,6m 4s,4m 33s,3m 38s
2 Samuel 3,39,1143,29.3,7m 37s,5m 42s,4m 34s
2 Samuel 4,12,434,36.2,2m 53s,2m 10s,1m 44s
2 Samuel 5,25,624,25.0,4m 9s,3m 7s,2m 29s
2 Samuel 6,23,713,31.0,4m 45s,3m 33s,2m 51s
2 Samuel 7,29,858,29.6,5m 43s,4m 17s,3m 25s
2 Samuel 8,18,447,24.8,2m 58s,2m 14s,1m 47s
2 Samuel 9,13,408,31.4,2m 43s,2m 2s,1m 37s
2 Samuel 10,19,608,32.0,4m 3s,3m 2s,2m 25s
2 Samuel 11,27,814,30.1,5m 25s,4m 4s,3m 15s
2 Samuel 12,31,992,32.0,6m 36s,4m 57s,3m 58s
2 Samuel 13,39,1149,29.5,7m 39s,5m 44s,4m 35s
2 Samuel 14,33,1117,33.8,7m 26s,5m 35s,4m 28s
2 Samuel 15,37,1118,30.2,7m 27s,5m 35s,4m 28s
2 Samuel 16,23,738,32.1,4m 55s,3m 41s,2m 57s
2 Samuel 17,29,935,32.2,6m 14s,4m 40s,3m 44s
2 Samuel 18,33,1096,33.2,7m 18s,5m 28s,4m 23s
2 Samuel 19,43,1473,34.3,9m 49s,7m 21s,5m 53s
2 Samuel 20,26,848,32.6,5m 39s,4m 14s,3m 23s
2 Samuel 21,22,778,35.4,5m 11s,3m 53s,3m 6s
2 Samuel 22,51,951,18.6,6m 20s,4m 45s,3m 48s
2 Samuel 23,39,878,22.5,5m 51s,4m 23s,3m 30s
2 Samuel 24,25,855,34.2,5m 42s,4m 16s,3m 25s
1 Kings 1,53,1500,28.3,10m 0s,7m 30s,6m 0s
1 Kings 2,46,1510,32.8,10m 4s,7m 33s,6m 2s
1 Kings 3,28,850,30.4,5m 40s,4m 15s,3m 24s
1 Kings 4,34,706,20.8,4m 42s,3m 31s,2m 49s
1 Kings 5,18,527,29.3,3m 30s,2m 38s,2m 6s
1 Kings 6,38,1018,26.8,6m 47s,5m 5s,4m 4s
1 Kings 7,51,1482,29.1,9m 52s,7m 24s,5m 55s
1 Kings 8,66,2139,32.4,14m 15s,10m 41s,8m 33s
1 Kings 9,28,826,29.5,5m 30s,4m 7s,3m 18s
1 Kings 10,29,839,28.9,5m 35s,4m 11s,3m 21s
1 Kings 11,43,1253,29.1,8m 21s,6m 15s,5m 0s
1 Kings 12,33,1038,31.5,6m 55s,5m 11s,4m 9s
1 Kings 13,34,1138,33.5,7m 35s,5m 41s,4m 33s
1 Kings 14,31,987,31.8,6m 34s,4m 56s,3m 56s
1 Kings 15,34,951,28.0,6m 20s,4m 45s,3m 48s
1 Kings 16,34,1035,30.4,6m 54s,5m 10s,4m 8s
1 Kings 17,24,680,28.3,4m 32s,3m 24s,2m 43s
1 Kings 18,46,1397,30.4,9m 18s,6m 59s,5m 35s
1 Kings 19,21,732,34.9,4m 52s,3m 39s,2m 55s
1 Kings 20,43,1480,34.4,9m 52s,7m 24s,5m 55s
1 Kings 21,29,908,31.3,6m 3s,4m 32s,3m 37s
1 Kings 22,53,1517,28.6,10m 6s,7m 35s,6m 4s
2 Kings 1,18,669,37.2,4m 27s,3m 20s,2m 40s
2 Kings 2,25,848,33.9,5m 39s,4m 14s,3m 23s
2 Kings 3,27,848,31.4,5m 39s,4m 14s,3m 23s
2 Kings 4,44,1369,31.1,9m 7s,6m 50s,5m 28s
2 Kings 5,27,975,36.1,6m 30s,4m 52s,3m 54s
2 Kings 6,33,1019,30.9,6m 47s,5m 5s,4m 4s
2 Kings 7,20,824,41.2,5m 29s,4m 7s,3m 17s
2 Kings 8,29,953,32.9,6m 21s,4m 45s,3m 48s
2 Kings 9,37,1205,32.6,8m 2s,6m 1s,4m 49s
2 Kings 10,36,1203,33.4,8m 1s,6m 0s,4m 48s
2 Kings 11,21,738,35.1,4m 55s,3m 41s,2m 57s
2 Kings 12,21,688,32.8,4m 35s,3m 26s,2m 45s
2 Kings 13,25,775,31.0,5m 10s,3m 52s,3m 6s
2 Kings 14,29,881,30.4,5m 52s,4m 24s,3m 31s
2 Kings 15,38,1092,28.7,7m 16s,5m 27s,4m 22s
2 Kings 16,20,656,32.8,4m 22s,3m 16s,2m 37s
2 Kings 17,41,1245,30.4,8m 18s,6m 13s,4m 58s
2 Kings 18,37,1220,33.0,8m 8s,6m 6s,4m 52s
2 Kings 19,37,1147,31.0,7m 38s,5m 44s,4m 35s
2 Kings 20,21,660,31.4,4m 24s,3m 18s,2m 38s
2 Kings 21,26,747,28.7,4m 58s,3m 44s,2m 59s
2 Kings 22,20,712,35.6,4m 44s,3m 33s,2m 50s
2 Kings 23,37,1477,39.9,9m 50s,7m 23s,5m 54s
2 Kings 24,20,584,29.2,3m 53s,2m 55s,2m 20s
2 Kings 25,30,982,32.7,6m 32s,4m 54s,3m 55s
1 Chronicles 1,54,683,12.6,4m 33s,3m 24s,2m 43s
1 Chronicles 2,55,846,15.4,5m 38s,4m 13s,3m 23s
1 Chronicles 3,24,347,14.5,2m 18s,1m 44s,1m 23s
1 Chronicles 4,43,852,19.8,5m 40s,4m 15s,3m 24s
1 Chronicles 5,26,664,25.5,4m 25s,3m 19s,2m 39s
1 Chronicles 6,81,1341,16.6,8m 56s,6m 42s,5m 21s
1 Chronicles 7,40,831,20.8,5m 32s,4m 9s,3m 19s
1 Chronicles 8,40,491,12.3,3m 16s,2m 27s,1m 57s
1 Chronicles 9,44,960,21.8,6m 24s,4m 48s,3m 50s
1 Chronicles 10,14,364,26.0,2m 25s,1m 49s,1m 27s
1 Chronicles 11,47,944,20.1,6m 17s,4m 43s,3m 46s
1 Chronicles 12,40,987,24.7,6m 34s,4m 56s,3m 56s
1 Chronicles 13,14,386,27.6,2m 34s,1m 55s,1m 32s
1 Chronicles 14,17,357,21.0,2m 22s,1m 47s,1m 25s
1 Chronicles 15,29,714,24.6,4m 45s,3m 34s,2m 51s
1 Chronicles 16,43,850,19.8,5m 40s,4m 15s,3m 24s
1 Chronicles 17,27,779,28.9,5m 11s,3m 53s,3m 6s
1 Chronicles 18,17,399,23.5,2m 39s,1m 59s,1m 35s
1 Chronicles 19,19,630,33.2,4m 12s,3m 9s,2m 31s
1 Chronicles 20,8,289,36.1,1m 55s,1m 26s,1m 9s
1 Chronicles 21,30,914,30.5,6m 5s,4m 34s,3m 39s
1 Chronicles 22,19,605,31.8,4m 2s,3m 1s,2m 25s
1 Chronicles 23,32,681,21.3,4m 32s,3m 24s,2m 43s
1 Chronicles 24,31,541,17.5,3m 36s,2m 42s,2m 9s
1 Chronicles 25,31,543,17.5,3m 37s,2m 42s,2m 10s
1 Chronicles 26,32,710,22.2,4m 44s,3m 33s,2m 50s
1 Chronicles 27,34,805,23.7,5m 22s,4m 1s,3m 13s
1 Chronicles 28,21,864,41.1,5m 45s,4m 19s,3m 27s
1 Chronicles 29,30,988,32.9,6m 35s,4m 56s,3m 57s
2 Chronicles 1,17,530,31.2,3m 32s,2m 39s,2m 7s
2 Chronicles 2,18,645,35.8,4m 18s,3m 13s,2m 34s
2 Chronicles 3,17,481,28.3,3m 12s,2m 24s,1m 55s
2 Chronicles 4,22,595,27.0,3m 58s,2m 58s,2m 22s
2 Chronicles 5,14,497,35.5,3m 18s,2m 29s,1m 59s
2 Chronicles 6,42,1402,33.4,9m 20s,7m 0s,5m 36s
2 Chronicles 7,22,748,34.0,4m 59s,3m 44s,2m 59s
2 Chronicles 8,18,536,29.8,3m 34s,2m 40s,2m 8s
2 Chronicles 9,31,882,28.5,5m 52s,4m 24s,3m 31s
2 Chronicles 10,19,560,29.5,3m 44s,2m 48s,2m 14s
2 Chronicles 11,23,486,21.1,3m 14s,2m 25s,1m 56s
2 Chronicles 12,16,481,30.1,3m 12s,2m 24s,1m 55s
2 Chronicles 13,22,642,29.2,4m 16s,3m 12s,2m 34s
2 Chronicles 14,15,448,29.9,2m 59s,2m 14s,1m 47s
2 Chronicles 15,19,518,27.3,3m 27s,2m 35s,2m 4s
2 Chronicles 16,14,479,34.2,3m 11s,2m 23s,1m 54s
2 Chronicles 17,19,459,24.2,3m 3s,2m 17s,1m 50s
2 Chronicles 18,34,1050,30.9,7m 0s,5m 15s,4m 12s
2 Chronicles 19,11,352,32.0,2m 20s,1m 45s,1m 24s
2 Chronicles 20,37,1148,31.0,7m 39s,5m 44s,4m 35s
2 Chronicles 21,20,623,31.2,4m 9s,3m 6s,2m 29s
2 Chronicles 22,12,444,37.0,2m 57s,2m 13s,1m 46s
2 Chronicles 23,21,788,37.5,5m 15s,3m 56s,3m 9s
2 Chronicles 24,27,933,34.6,6m 13s,4m 39s,3m 43s
2 Chronicles 25,28,970,34.6,6m 28s,4m 51s,3m 52s
2 Chronicles 26,23,721,31.3,4m 48s,3m 36s,2m 53s
2 Chronicles 27,9,244,27.1,1m 37s,1m 13s,0m 58s
2 Chronicles 28,27,896,33.2,5m 58s,4m 28s,3m 35s
2 Chronicles 29,36,1157,32.1,7m 42s,5m 47s,4m 37s
2 Chronicles 30,27,869,32.2,5m 47s,4m 20s,3m 28s
2 Chronicles 31,21,757,36.0,5m 2s,3m 47s,3m 1s
2 Chronicles 32,33,1084,32.8,7m 13s,5m 25s,4m 20s
2 Chronicles 33,25,780,31.2,5m 12s,3m 54s,3m 7s
2 Chronicles 34,33,1223,37.1,8m 9s,6m 6s,4m 53s
2 Chronicles 35,27,900,33.3,6m 0s,4m 30s,3m 36s
2 Chronicles 36,23,741,32.2,4m 56s,3m 42s,2m 57s
Ezra 1,11,371,33.7,2m 28s,1m 51s,1m 29s
Ezra 2,70,998,14.3,6m 39s,4m 59s,3m 59s
Ezra 3,13,547,42.1,3m 38s,2m 44s,2m 11s
Ezra 4,24,769,32.0,5m 7s,3m 50s,3m 4s
Ezra 5,17,583,34.3,3m 53s,2m 54s,2m 19s
Ezra 6,22,778,35.4,5m 11s,3m 53s,3m 6s
Ezra 7,28,863,30.8,5m 45s,4m 18s,3m 27s
Ezra 8,36,990,27.5,6m 36s,4m 57s,3m 57s
Ezra 9,15,617,41.1,4m 6s,3m 5s,2m 28s
Ezra 10,44,924,21.0,6m 9s,4m 37s,3m 41s
Nehemiah 1,11,390,35.5,2m 36s,1m 57s,1m 33s
Nehemiah 2,20,718,35.9,4m 47s,3m 35s,2m 52s
Nehemiah 3,32,896,28.0,5m 58s,4m 28s,3m 35s
Nehemiah 4,23,716,31.1,4m 46s,3m 34s,2m 51s
Nehemiah 5,19,636,33.5,4m 14s,3m 10s,2m 32s
Nehemiah 6,19,602,31.7,4m 0s,3m 0s,2m 24s
Nehemiah 7,73,1176,16.1,7m 50s,5m 52s,4m 42s
Nehemiah 8,18,686,38.1,4m 34s,3m 25s,2m 44s
Nehemiah 9,38,1328,34.9,8m 51s,6m 38s,5m 18s
Nehemiah 10,39,652,16.7,4m 20s,3m 15s,2m 36s
Nehemiah 11,36,788,21.9,5m 15s,3m 56s,3m 9s
Nehemiah 12,47,930,19.8,6m 12s,4m 39s,3m 43s
Nehemiah 13,31,962,31.0,6m 24s,4m 48s,3m 50s
Esther 1,22,716,32.5,4m 46s,3m 34s,2m 51s
Esther 2,23,806,35.0,5m 22s,4m 1s,3m 13s
Esther 3,15,552,36.8,3m 40s,2m 45s,2m 12s
Esther 4,17,517,30.4,3m 26s,2m 35s,2m 4s
Esther 5,14,494,35.3,3m 17s,2m 28s,1m 58s
Esther 6,14,476,34.0,3m 10s,2m 22s,1m 54s
Esther 7,10,345,34.5,2m 18s,1m 43s,1m 22s
Esther 8,17,650,38.2,4m 20s,3m 15s,2m 36s
Esther 9,32,984,30.8,6m 33s,4m 55s,3m 56s
Esther 10,3,93,31.0,0m 37s,0m 27s,0m 22s
Job 1,22,641,29.1,4m 16s,3m 12s,2m 33s
Job 2,13,387,29.8,2m 34s,1m 56s,1m 32s
Job 3,26,434,16.7,2m 53s,2m 10s,1m 44s
Job 4,21,336,16.0,2m 14s,1m 40s,1m 20s
Job 5,27,446,16.5,2m 58s,2m 13s,1m 47s
Job 6,30,482,16.1,3m 12s,2m 24s,1m 55s
Job 7,21,394,18.8,2m 37s,1m 58s,1m 34s
Job 8,22,340,15.5,2m 16s,1m 42s,1m 21s
Job 9,35,544,15.5,3m 37s,2m 43s,2m 10s
Job 10,22,402,18.3,2m 40s,2m 0s,1m 36s
Job 11,20,337,16.8,2m 14s,1m 41s,1m 20s
Job 12,25,399,16.0,2m 39s,1m 59s,1m 35s
Job 13,28,413,14.8,2m 45s,2m 3s,1m 39s
Job 14,22,410,18.6,2m 44s,2m 2s,1m 38s
Job 15,35,549,15.7,3m 39s,2m 44s,2m 11s
Job 16,22,375,17.0,2m 30s,1m 52s,1m 30s
Job 17,16,262,16.4,1m 44s,1m 18s,1m 2s
Job 18,21,342,16.3,2m 16s,1m 42s,1m 22s
Job 19,29,475,16.4,3m 10s,2m 22s,1m 54s
Job 20,29,521,18.0,3m 28s,2m 36s,2m 5s
Job 21,34,522,15.4,3m 28s,2m 36s,2m 5s
Job 22,30,482,16.1,3m 12s,2m 24s,1m 55s
Job 23,17,280,16.5,1m 52s,1m 24s,1m 7s
Job 24,25,481,19.2,3m 12s,2m 24s,1m 55s
Job 25,6,90,15.0,0m 36s,0m 27s,0m 21s
Job 26,14,206,14.7,1m 22s,1m 1s,0m 49s
Job 27,23,373,16.2,2m 29s,1m 51s,1m 29s
Job 28,28,455,16.2,3m 2s,2m 16s,1m 49s
Job 29,25,404,16.2,2m 41s,2m 1s,1m 36s
Job 30,31,514,16.6,3m 25s,2m 34s,2m 3s
Job 31,40,691,17.3,4m 36s,3m 27s,2m 45s
Job 32,22,375,17.0,2m 30s,1m 52s,1m 30s
Job 33,33,525,15.9,3m 30s,2m 37s,2m 6s
Job 34,37,615,16.6,4m 5s,3m 4s,2m 27s
Job 35,16,254,15.9,1m 41s,1m 16s,1m 0s
Job 36,33,495,15.0,3m 18s,2m 28s,1m 58s
Job 37,24,402,16.8,2m 40s,2m 0s,1m 36s
Job 38,41,659,16.1,4m 23s,3m 17s,2m 38s
Job 39,30,477,15.9,3m 10s,2m 23s,1m 54s
Job 40,24,361,15.0,2m 24s,1m 48s,1m 26s
Job 41,34,507,14.9,3m 22s,2m 32s,2m 1s
Job 42,17,441,25.9,2m 56s,2m 12s,1m 45s
Psalms 1,6,130,21.7,0m 52s,0m 39s,0m 31s
Psalms 2,12,206,17.2,1m 22s,1m 1s,0m 49s
Psalms 3,8,150,18.8,1m 0s,0m 45s,0m 36s
Psalms 4,8,175,21.9,1m 10s,0m 52s,0m 42s
Psalms 5,12,255,21.2,1m 42s,1m 16s,1m 1s
Psalms 6,10,171,17.1,1m 8s,0m 51s,0m 41s
Psalms 7,17,343,20.2,2m 17s,1m 42s,1m 22s
Psalms 8,9,176,19.6,1m 10s,0m 52s,0m 42s
Psalms 9,20,377,18.8,2m 30s,1m 53s,1m 30s
Psalms 10,18,350,19.4,2m 20s,1m 45s,1m 24s
Psalms 11,7,136,19.4,0m 54s,0m 40s,0m 32s
Psalms 12,8,157,19.6,1m 2s,0m 47s,0m 37s
Psalms 13,6,115,19.2,0m 46s,0m 34s,0m 27s
Psalms 14,7,157,22.4,1m 2s,0m 47s,0m 37s
Psalms 15,5,103,20.6,0m 41s,0m 30s,0m 24s
Psalms 16,11,209,19.0,1m 23s,1m 2s,0m 50s
Psalms 17,15,315,21.0,2m 6s,1m 34s,1m 15s
Psalms 18,50,965,19.3,6m 26s,4m 49s,3m 51s
Psalms 19,14,280,20.0,1m 52s,1m 24s,1m 7s
Psalms 20,9,152,16.9,1m 0s,0m 45s,0m 36s
Psalms 21,13,254,19.5,1m 41s,1m 16s,1m 0s
Psalms 22,31,591,19.1,3m 56s,2m 57s,2m 21s
Psalms 23,6,122,20.3,0m 48s,0m 36s,0m 29s
Psalms 24,10,182,18.2,1m 12s,0m 54s,0m 43s
Psalms 25,22,346,15.7,2m 18s,1m 43s,1m 23s
Psalms 26,12,187,15.6,1m 14s,0m 56s,0m 44s
Psalms 27,14,344,24.6,2m 17s,1m 43s,1m 22s
Psalms 28,9,205,22.8,1m 22s,1m 1s,0m 49s
Psalms 29,11,183,16.6,1m 13s,0m 54s,0m 43s
Psalms 30,12,243,20.2,1m 37s,1m 12s,0m 58s
Psalms 31,24,506,21.1,3m 22s,2m 31s,2m 1s
Psalms 32,11,246,22.4,1m 38s,1m 13s,0m 59s
Psalms 33,22,350,15.9,2m 20s,1m 45s,1m 24s
Psalms 34,22,365,16.6,2m 26s,1m 49s,1m 27s
Psalms 35,28,568,20.3,3m 47s,2m 50s,2m 16s
Psalms 36,12,236,19.7,1m 34s,1m 10s,0m 56s
Psalms 37,40,706,17.6,4m 42s,3m 31s,2m 49s
Psalms 38,22,369,16.8,2m 27s,1m 50s,1m 28s
Psalms 39,13,281,21.6,1m 52s,1m 24s,1m 7s
Psalms 40,17,408,24.0,2m 43s,2m 2s,1m 37s
Psalms 41,13,248,19.1,1m 39s,1m 14s,0m 59s
Psalms 42,11,290,26.4,1m 56s,1m 27s,1m 9s
Psalms 43,5,130,26.0,0m 52s,0m 39s,0m 31s
Psalms 44,26,461,17.7,3m 4s,2m 18s,1m 50s
Psalms 45,17,343,20.2,2m 17s,1m 42s,1m 22s
Psalms 46,11,217,19.7,1m 26s,1m 5s,0m 52s
Psalms 47,9,154,17.1,1m 1s,0m 46s,0m 36s
Psalms 48,14,238,17.0,1m 35s,1m 11s,0m 57s
Psalms 49,20,348,17.4,2m 19s,1m 44s,1m 23s
Psalms 50,23,404,17.6,2m 41s,2m 1s,1m 36s
Psalms 51,19,344,18.1,2m 17s,1m 43s,1m 22s
Psalms 52,9,194,21.6,1m 17s,0m 58s,0m 46s
Psalms 53,6,163,27.2,1m 5s,0m 48s,0m 39s
Psalms 54,7,136,19.4,0m 54s,0m 40s,0m 32s
Psalms 55,23,446,19.4,2m 58s,2m 13s,1m 47s
Psalms 56,13,241,18.5,1m 36s,1m 12s,0m 57s
Psalms 57,11,246,22.4,1m 38s,1m 13s,0m 59s
Psalms 58,11,226,20.5,1m 30s,1m 7s,0m 54s
Psalms 59,17,358,21.1,2m 23s,1m 47s,1m 25s
Psalms 60,12,244,20.3,1m 37s,1m 13s,0m 58s
Psalms 61,8,143,17.9,0m 57s,0m 42s,0m 34s
Psalms 62,12,238,19.8,1m 35s,1m 11s,0m 57s
Psalms 63,11,206,18.7,1m 22s,1m 1s,0m 49s
Psalms 64,10,192,19.2,1m 16s,0m 57s,0m 46s
Psalms 65,13,277,21.3,1m 50s,1m 23s,1m 6s
Psalms 66,20,335,16.8,2m 14s,1m 40s,1m 20s
Psalms 67,7,121,17.3,0m 48s,0m 36s,0m 29s
Psalms 68,35,708,20.2,4m 43s,3m 32s,2m 49s
Psalms 69,36,680,18.9,4m 32s,3m 24s,2m 43s
Psalms 70,5,114,22.8,0m 45s,0m 34s,0m 27s
Psalms 71,24,471,19.6,3m 8s,2m 21s,1m 53s
Psalms 72,20,373,18.6,2m 29s,1m 51s,1m 29s
Psalms 73,28,427,15.2,2m 50s,2m 8s,1m 42s
Psalms 74,23,416,18.1,2m 46s,2m 4s,1m 39s
Psalms 75,10,200,20.0,1m 20s,1m 0s,0m 48s
Psalms 76,12,205,17.1,1m 22s,1m 1s,0m 49s
Psalms 77,20,340,17.0,2m 16s,1m 42s,1m 21s
Psalms 78,72,1228,17.1,8m 11s,6m 8s,4m 54s
Psalms 79,13,281,21.6,1m 52s,1m 24s,1m 7s
Psalms 80,19,344,18.1,2m 17s,1m 43s,1m 22s
Psalms 81,16,298,18.6,1m 59s,1m 29s,1m 11s
Psalms 82,8,120,15.0,0m 48s,0m 36s,0m 28s
Psalms 83,18,279,15.5,1m 51s,1m 23s,1m 6s
Psalms 84,12,239,19.9,1m 35s,1m 11s,0m 57s
Psalms 85,13,218,16.8,1m 27s,1m 5s,0m 52s
Psalms 86,17,316,18.6,2m 6s,1m 34s,1m 15s
Psalms 87,7,122,17.4,0m 48s,0m 36s,0m 29s
Psalms 88,18,317,17.6,2m 6s,1m 35s,1m 16s
Psalms 89,52,884,17.0,5m 53s,4m 25s,3m 32s
Psalms 90,17,328,19.3,2m 11s,1m 38s,1m 18s
Psalms 91,16,288,18.0,1m 55s,1m 26s,1m 9s
Psalms 92,15,266,17.7,1m 46s,1m 19s,1m 3s
Psalms 93,5,92,18.4,0m 36s,0m 27s,0m 22s
Psalms 94,23,356,15.5,2m 22s,1m 46s,1m 25s
Psalms 95,11,199,18.1,1m 19s,0m 59s,0m 47s
Psalms 96,13,226,17.4,1m 30s,1m 7s,0m 54s
Psalms 97,12,189,15.8,1m 15s,0m 56s,0m 45s
Psalms 98,9,172,19.1,1m 8s,0m 51s,0m 41s
Psalms 99,9,157,17.4,1m 2s,0m 47s,0m 37s
Psalms 100,5,90,18.0,0m 36s,0m 27s,0m 21s
Psalms 101,8,177,22.1,1m 10s,0m 53s,0m 42s
Psalms 102,28,472,16.9,3m 8s,2m 21s,1m 53s
Psalms 103,22,346,15.7,2m 18s,1m 43s,1m 23s
Psalms 104,35,598,17.1,3m 59s,2m 59s,2m 23s
Psalms 105,45,632,14.0,4m 12s,3m 9s,2m 31s
Psalms 106,48,762,15.9,5m 4s,3m 48s,3m 2s
Psalms 107,43,685,15.9,4m 34s,3m 25s,2m 44s
Psalms 108,13,212,16.3,1m 24s,1m 3s,0m 50s
Psalms 109,31,542,17.5,3m 36s,2m 42s,2m 10s
Psalms 110,7,146,20.9,0m 58s,0m 43s,0m 35s
Psalms 111,10,177,17.7,1m 10s,0m 53s,0m 42s
Psalms 112,10,172,17.2,1m 8s,0m 51s,0m 41s
Psalms 113,9,142,15.8,0m 56s,0m 42s,0m 34s
Psalms 114,8,106,13.2,0m 42s,0m 31s,0m 25s
Psalms 115,18,274,15.2,1m 49s,1m 22s,1m 5s
Psalms 116,19,287,15.1,1m 54s,1m 26s,1m 8s
Psalms 117,2,33,16.5,0m 13s,0m 9s,0m 7s
Psalms 118,29,465,16.0,3m 6s,2m 19s,1m 51s
Psalms 119,176,2445,13.9,16m 18s,12m 13s,9m 46s
Psalms 120,7,92,13.1,0m 36s,0m 27s,0m 22s
Psalms 121,8,114,14.2,0m 45s,0m 34s,0m 27s
Psalms 122,9,130,14.4,0m 52s,0m 39s,0m 31s
Psalms 123,4,98,24.5,0m 39s,0m 29s,0m 23s
Psalms 124,8,127,15.9,0m 50s,0m 38s,0m 30s
Psalms 125,5,112,22.4,0m 44s,0m 33s,0m 26s
Psalms 126,6,98,16.3,0m 39s,0m 29s,0m 23s
Psalms 127,5,116,23.2,0m 46s,0m 34s,0m 27s
Psalms 128,6,105,17.5,0m 42s,0m 31s,0m 25s
Psalms 129,8,123,15.4,0m 49s,0m 36s,0m 29s
Psalms 130,8,120,15.0,0m 48s,0m 36s,0m 28s
Psalms 131,3,66,22.0,0m 26s,0m 19s,0m 15s
Psalms 132,18,280,15.6,1m 52s,1m 24s,1m 7s
Psalms 133,3,75,25.0,0m 30s,0m 22s,0m 18s
Psalms 134,3,48,16.0,0m 19s,0m 14s,0m 11s
Psalms 135,21,329,15.7,2m 11s,1m 38s,1m 18s
Psalms 136,26,353,13.6,2m 21s,1m 45s,1m 24s
Psalms 137,9,165,18.3,1m 6s,0m 49s,0m 39s
Psalms 138,8,176,22.0,1m 10s,0m 52s,0m 42s
Psalms 139,24,418,17.4,2m 47s,2m 5s,1m 40s
Psalms 140,13,247,19.0,1m 38s,1m 14s,0m 59s
Psalms 141,10,207,20.7,1m 22s,1m 2s,0m 49s
Psalms 142,7,162,23.1,1m 4s,0m 48s,0m 38s
Psalms 143,12,256,21.3,1m 42s,1m 16s,1m 1s
Psalms 144,15,306,20.4,2m 2s,1m 31s,1m 13s
Psalms 145,21,335,16.0,2m 14s,1m 40s,1m 20s
Psalms 146,10,178,17.8,1m 11s,0m 53s,0m 42s
Psalms 147,20,299,15.0,1m 59s,1m 29s,1m 11s
Psalms 148,14,202,14.4,1m 20s,1m 0s,0m 48s
Psalms 149,9,143,15.9,0m 57s,0m 42s,0m 34s
Psalms 150,6,85,14.2,0m 34s,0m 25s,0m 20s
Proverbs 1,33,519,15.7,3m 27s,2m 35s,2m 4s
Proverbs 2,22,309,14.0,2m 3s,1m 32s,1m 14s
Proverbs 3,35,541,15.5,3m 36s,2m 42s,2m 9s
Proverbs 4,27,418,15.5,2m 47s,2m 5s,1m 40s
Proverbs 5,23,354,15.4,2m 21s,1m 46s,1m 24s
Proverbs 6,35,546,15.6,3m 38s,2m 43s,2m 11s
Proverbs 7,27,411,15.2,2m 44s,2m 3s,1m 38s
Proverbs 8,36,562,15.6,3m 44s,2m 48s,2m 14s
Proverbs 9,18,288,16.0,1m 55s,1m 26s,1m 9s
Proverbs 10,32,527,16.5,3m 30s,2m 38s,2m 6s
Proverbs 11,31,524,16.9,3m 29s,2m 37s,2m 5s
Proverbs 12,28,476,17.0,3m 10s,2m 22s,1m 54s
Proverbs 13,25,400,16.0,2m 40s,2m 0s,1m 36s
Proverbs 14,35,572,16.3,3m 48s,2m 51s,2m 17s
Proverbs 15,33,544,16.5,3m 37s,2m 43s,2m 10s
Proverbs 16,33,543,16.5,3m 37s,2m 42s,2m 10s
Proverbs 17,28,476,17.0,3m 10s,2m 22s,1m 54s
Proverbs 18,24,381,15.9,2m 32s,1m 54s,1m 31s
Proverbs 19,29,506,17.4,3m 22s,2m 31s,2m 1s
Proverbs 20,30,498,16.6,3m 19s,2m 29s,1m 59s
Proverbs 21,31,501,16.2,3m 20s,2m 30s,2m 0s
Proverbs 22,29,495,17.1,3m 18s,2m 28s,1m 58s
Proverbs 23,35,566,16.2,3m 46s,2m 49s,2m 15s
Proverbs 24,34,580,17.1,3m 52s,2m 54s,2m 19s
Proverbs 25,28,522,18.6,3m 28s,2m 36s,2m 5s
Proverbs 26,28,459,16.4,3m 3s,2m 17s,1m 50s
Proverbs 27,27,460,17.0,3m 4s,2m 18s,1m 50s
Proverbs 28,28,528,18.9,3m 31s,2m 38s,2m 6s
Proverbs 29,27,425,15.7,2m 50s,2m 7s,1m 42s
Proverbs 30,33,640,19.4,4m 16s,3m 12s,2m 33s
Proverbs 31,31,467,15.1,3m 6s,2m 20s,1m 52s
Ecclesiastes 1,18,380,21.1,2m 32s,1m 54s,1m 31s
Ecclesiastes 2,26,734,28.2,4m 53s,3m 40s,2m 56s
Ecclesiastes 3,22,517,23.5,3m 26s,2m 35s,2m 4s
Ecclesiastes 4,16,380,23.8,2m 32s,1m 54s,1m 31s
Ecclesiastes 5,20,533,26.6,3m 33s,2m 39s,2m 7s
Ecclesiastes 6,12,301,25.1,2m 0s,1m 30s,1m 12s
Ecclesiastes 7,29,617,21.3,4m 6s,3m 5s,2m 28s
Ecclesiastes 8,17,515,30.3,3m 26s,2m 34s,2m 3s
Ecclesiastes 9,18,555,30.8,3m 42s,2m 46s,2m 13s
Ecclesiastes 10,20,402,20.1,2m 40s,2m 0s,1m 36s
Ecclesiastes 11,10,273,27.3,1m 49s,1m 21s,1m 5s
Ecclesiastes 12,14,372,26.6,2m 28s,1m 51s,1m 29s
Song of Solomon 1,17,326,19.2,2m 10s,1m 37s,1m 18s
Song of Solomon 2,17,351,20.6,2m 20s,1m 45s,1m 24s
Song of Solomon 3,11,287,26.1,1m 54s,1m 26s,1m 8s
Song of Solomon 4,16,363,22.7,2m 25s,1m 48s,1m 27s
Song of Solomon 5,16,397,24.8,2m 38s,1m 59s,1m 35s
Song of Solomon 6,13,282,21.7,1m 52s,1m 24s,1m 7s
Song of Solomon 7,13,292,22.5,1m 56s,1m 27s,1m 10s
Song of Solomon 8,14,360,25.7,2m 24s,1m 48s,1m 26s
Isaiah 1,31,758,24.5,5m 3s,3m 47s,3m 1s
Isaiah 2,22,567,25.8,3m 46s,2m 50s,2m 16s
Isaiah 3,26,587,22.6,3m 54s,2m 56s,2m 20s
Isaiah 4,6,209,34.8,1m 23s,1m 2s,0m 50s
Isaiah 5,30,863,28.8,5m 45s,4m 18s,3m 27s
Isaiah 6,13,366,28.2,2m 26s,1m 49s,1m 27s
Isaiah 7,25,693,27.7,4m 37s,3m 27s,2m 46s
Isaiah 8,22,558,25.4,3m 43s,2m 47s,2m 13s
Isaiah 9,21,599,28.5,3m 59s,2m 59s,2m 23s
Isaiah 10,34,928,27.3,6m 11s,4m 38s,3m 42s
Isaiah 11,16,519,32.4,3m 27s,2m 35s,2m 4s
Isaiah 12,6,134,22.3,0m 53s,0m 40s,0m 32s
Isaiah 13,22,576,26.2,3m 50s,2m 52s,2m 18s
Isaiah 14,32,856,26.8,5m 42s,4m 16s,3m 25s
Isaiah 15,9,266,29.6,1m 46s,1m 19s,1m 3s
Isaiah 16,14,415,29.6,2m 46s,2m 4s,1m 39s
Isaiah 17,14,428,30.6,2m 51s,2m 8s,1m 42s
Isaiah 18,7,255,36.4,1m 42s,1m 16s,1m 1s
Isaiah 19,25,730,29.2,4m 52s,3m 39s,2m 55s
Isaiah 20,6,169,28.2,1m 7s,0m 50s,0m 40s
Isaiah 21,17,417,24.5,2m 46s,2m 5s,1m 40s
Isaiah 22,25,676,27.0,4m 30s,3m 22s,2m 42s
Isaiah 23,18,469,26.1,3m 7s,2m 20s,1m 52s
Isaiah 24,23,592,25.7,3m 56s,2m 57s,2m 22s
Isaiah 25,12,381,31.8,2m 32s,1m 54s,1m 31s
Isaiah 26,21,550,26.2,3m 40s,2m 45s,2m 12s
Isaiah 27,13,405,31.2,2m 42s,2m 1s,1m 37s
Isaiah 28,29,814,28.1,5m 25s,4m 4s,3m 15s
Isaiah 29,24,742,30.9,4m 56s,3m 42s,2m 58s
Isaiah 30,33,1059,32.1,7m 3s,5m 17s,4m 14s
Isaiah 31,9,322,35.8,2m 8s,1m 36s,1m 17s
Isaiah 32,20,436,21.8,2m 54s,2m 10s,1m 44s
Isaiah 33,24,585,24.4,3m 54s,2m 55s,2m 20s
Isaiah 34,17,522,30.7,3m 28s,2m 36s,2m 5s
Isaiah 35,10,277,27.7,1m 50s,1m 23s,1m 6s
Isaiah 36,22,690,31.4,4m 36s,3m 27s,2m 45s
Isaiah 37,38,1131,29.8,7m 32s,5m 39s,4m 31s
Isaiah 38,22,592,26.9,3m 56s,2m 57s,2m 22s
Isaiah 39,8,268,33.5,1m 47s,1m 20s,1m 4s
Isaiah 40,31,796,25.7,5m 18s,3m 58s,3m 11s
Isaiah 41,29,804,27.7,5m 21s,4m 1s,3m 12s
Isaiah 42,25,676,27.0,4m 30s,3m 22s,2m 42s
Isaiah 43,28,711,25.4,4m 44s,3m 33s,2m 50s
Isaiah 44,28,886,31.6,5m 54s,4m 25s,3m 32s
Isaiah 45,25,774,31.0,5m 9s,3m 52s,3m 5s
Isaiah 46,13,342,26.3,2m 16s,1m 42s,1m 22s
Isaiah 47,15,471,31.4,3m 8s,2m 21s,1m 53s
Isaiah 48,22,627,28.5,4m 10s,3m 8s,2m 30s
Isaiah 49,26,867,33.3,5m 46s,4m 20s,3m 28s
Isaiah 50,11,365,33.2,2m 26s,1m 49s,1m 27s
Isaiah 51,23,771,33.5,5m 8s,3m 51s,3m 5s
Isaiah 52,15,405,27.0,2m 42s,2m 1s,1m 37s
Isaiah 53,12,387,32.2,2m 34s,1m 56s,1m 32s
Isaiah 54,17,493,29.0,3m 17s,2m 27s,1m 58s
Isaiah 55,13,399,30.7,2m 39s,1m 59s,1m 35s
Isaiah 56,12,361,30.1,2m 24s,1m 48s,1m 26s
Isaiah 57,21,569,27.1,3m 47s,2m 50s,2m 16s
Isaiah 58,14,521,37.2,3m 28s,2m 36s,2m 5s
Isaiah 59,21,590,28.1,3m 56s,2m 57s,2m 21s
Isaiah 60,22,665,30.2,4m 26s,3m 19s,2m 39s
Isaiah 61,11,380,34.5,2m 32s,1m 54s,1m 31s
Isaiah 62,12,362,30.2,2m 24s,1m 48s,1m 26s
Isaiah 63,19,538,28.3,3m 35s,2m 41s,2m 9s
Isaiah 64,12,308,25.7,2m 3s,1m 32s,1m 13s
Isaiah 65,25,753,30.1,5m 1s,3m 45s,3m 0s
Isaiah 66,24,811,33.8,5m 24s,4m 3s,3m 14s
Jeremiah 1,19,528,27.8,3m 31s,2m 38s,2m 6s
Jeremiah 2,37,1019,27.5,6m 47s,5m 5s,4m 4s
Jeremiah 3,25,802,32.1,5m 20s,4m 0s,3m 12s
Jeremiah 4,31,861,27.8,5m 44s,4m 18s,3m 26s
Jeremiah 5,31,874,28.2,5m 49s,4m 22s,3m 29s
Jeremiah 6,30,827,27.6,5m 30s,4m 8s,3m 18s
Jeremiah 7,34,970,28.5,6m 28s,4m 51s,3m 52s
Jeremiah 8,22,706,32.1,4m 42s,3m 31s,2m 49s
Jeremiah 9,26,772,29.7,5m 8s,3m 51s,3m 5s
Jeremiah 10,25,674,27.0,4m 29s,3m 22s,2m 41s
Jeremiah 11,23,749,32.6,4m 59s,3m 44s,2m 59s
Jeremiah 12,17,544,32.0,3m 37s,2m 43s,2m 10s
Jeremiah 13,27,739,27.4,4m 55s,3m 41s,2m 57s
Jeremiah 14,22,688,31.3,4m 35s,3m 26s,2m 45s
Jeremiah 15,21,702,33.4,4m 40s,3m 30s,2m 48s
Jeremiah 16,21,699,33.3,4m 39s,3m 29s,2m 47s
Jeremiah 17,27,829,30.7,5m 31s,4m 8s,3m 18s
Jeremiah 18,23,659,28.7,4m 23s,3m 17s,2m 38s
Jeremiah 19,15,541,36.1,3m 36s,2m 42s,2m 9s
Jeremiah 20,18,594,33.0,3m 57s,2m 58s,2m 22s
Jeremiah 21,14,498,35.6,3m 19s,2m 29s,1m 59s
Jeremiah 22,30,837,27.9,5m 34s,4m 11s,3m 20s
Jeremiah 23,40,1186,29.6,7m 54s,5m 55s,4m 44s
Jeremiah 24,10,361,36.1,2m 24s,1m 48s,1m 26s
Jeremiah 25,38,1138,29.9,7m 35s,5m 41s,4m 33s
Jeremiah 26,24,800,33.3,5m 20s,4m 0s,3m 12s
Jeremiah 27,22,762,34.6,5m 4s,3m 48s,3m 2s
Jeremiah 28,17,540,31.8,3m 36s,2m 42s,2m 9s
Jeremiah 29,32,1005,31.4,6m 42s,5m 1s,4m 1s
Jeremiah 30,24,717,29.9,4m 46s,3m 35s,2m 52s
Jeremiah 31,40,1294,32.4,8m 37s,6m 28s,5m 10s
Jeremiah 32,44,1432,32.5,9m 32s,7m 9s,5m 43s
Jeremiah 33,26,842,32.4,5m 36s,4m 12s,3m 22s
Jeremiah 34,22,824,37.5,5m 29s,4m 7s,3m 17s
Jeremiah 35,19,657,34.6,4m 22s,3m 17s,2m 37s
Jeremiah 36,32,1110,34.7,7m 24s,5m 33s,4m 26s
Jeremiah 37,21,611,29.1,4m 4s,3m 3s,2m 26s
Jeremiah 38,28,984,35.1,6m 33s,4m 55s,3m 56s
Jeremiah 39,18,545,30.3,3m 38s,2m 43s,2m 10s
Jeremiah 40,16,681,42.6,4m 32s,3m 24s,2m 43s
Jeremiah 41,18,664,36.9,4m 25s,3m 19s,2m 39s
Jeremiah 42,22,774,35.2,5m 9s,3m 52s,3m 5s
Jeremiah 43,13,460,35.4,3m 4s,2m 18s,1m 50s
Jeremiah 44,30,1228,40.9,8m 11s,6m 8s,4m 54s
Jeremiah 45,5,152,30.4,1m 0s,0m 45s,0m 36s
Jeremiah 46,28,821,29.3,5m 28s,4m 6s,3m 17s
Jeremiah 47,7,215,30.7,1m 26s,1m 4s,0m 51s
Jeremiah 48,47,1172,24.9,7m 48s,5m 51s,4m 41s
Jeremiah 49,39,1180,30.3,7m 52s,5m 54s,4m 43s
Jeremiah 50,46,1460,31.7,9m 44s,7m 18s,5m 50s
Jeremiah 51,64,1853,29.0,12m 21s,9m 15s,7m 24s
Jeremiah 52,34,1074,31.6,7m 9s,5m 22s,4m 17s
Lamentations 1,22,758,34.5,5m 3s,3m 47s,3m 1s
Lamentations 2,22,883,40.1,5m 53s,4m 24s,3m 31s
Lamentations 3,66,876,13.3,5m 50s,4m 22s,3m 30s
Lamentations 4,22,598,27.2,3m 59s,2m 59s,2m 23s
Lamentations 5,22,296,13.5,1m 58s,1m 28s,1m 11s
Ezekiel 1,28,870,31.1,5m 48s,4m 21s,3m 28s
Ezekiel 2,10,273,27.3,1m 49s,1m 21s,1m 5s
Ezekiel 3,27,809,30.0,5m 23s,4m 2s,3m 14s
Ezekiel 4,17,519,30.5,3m 27s,2m 35s,2m 4s
Ezekiel 5,17,628,36.9,4m 11s,3m 8s,2m 30s
Ezekiel 6,14,470,33.6,3m 8s,2m 21s,1m 52s
Ezekiel 7,27,768,28.4,5m 7s,3m 50s,3m 4s
Ezekiel 8,18,655,36.4,4m 22s,3m 16s,2m 37s
Ezekiel 9,11,400,36.4,2m 40s,2m 0s,1m 36s
Ezekiel 10,22,659,30.0,4m 23s,3m 17s,2m 38s
Ezekiel 11,25,721,28.8,4m 48s,3m 36s,2m 53s
Ezekiel 12,28,799,28.5,5m 19s,3m 59s,3m 11s
Ezekiel 13,23,738,32.1,4m 55s,3m 41s,2m 57s
Ezekiel 14,23,746,32.4,4m 58s,3m 43s,2m 59s
Ezekiel 15,8,205,25.6,1m 22s,1m 1s,0m 49s
Ezekiel 16,63,1820,28.9,12m 8s,9m 6s,7m 16s
Ezekiel 17,24,773,32.2,5m 9s,3m 51s,3m 5s
Ezekiel 18,32,919,28.7,6m 7s,4m 35s,3m 40s
Ezekiel 19,14,356,25.4,2m 22s,1m 46s,1m 25s
Ezekiel 20,49,1601,32.7,10m 40s,8m 0s,6m 24s
Ezekiel 21,32,945,29.5,6m 18s,4m 43s,3m 46s
Ezekiel 22,31,840,27.1,5m 36s,4m 12s,3m 21s
Ezekiel 23,49,1322,27.0,8m 48s,6m 36s,5m 17s
Ezekiel 24,27,774,28.7,5m 9s,3m 52s,3m 5s
Ezekiel 25,17,507,29.8,3m 22s,2m 32s,2m 1s
Ezekiel 26,21,727,34.6,4m 50s,3m 38s,2m 54s
Ezekiel 27,36,907,25.2,6m 2s,4m 32s,3m 37s
Ezekiel 28,26,809,31.1,5m 23s,4m 2s,3m 14s
Ezekiel 29,21,714,34.0,4m 45s,3m 34s,2m 51s
Ezekiel 30,26,760,29.2,5m 4s,3m 48s,3m 2s
Ezekiel 31,18,680,37.8,4m 32s,3m 24s,2m 43s
Ezekiel 32,32,1077,33.7,7m 10s,5m 23s,4m 18s
Ezekiel 33,33,1071,32.5,7m 8s,5m 21s,4m 17s
Ezekiel 34,31,958,30.9,6m 23s,4m 47s,3m 49s
Ezekiel 35,15,402,26.8,2m 40s,2m 0s,1m 36s
Ezekiel 36,38,1180,31.1,7m 52s,5m 54s,4m 43s
Ezekiel 37,28,870,31.1,5m 48s,4m 21s,3m 28s
Ezekiel 38,23,776,33.7,5m 10s,3m 52s,3m 6s
Ezekiel 39,29,928,32.0,6m 11s,4m 38s,3m 42s
Ezekiel 40,49,1530,31.2,10m 12s,7m 39s,6m 7s
Ezekiel 41,26,802,30.8,5m 20s,4m 0s,3m 12s
Ezekiel 42,20,568,28.4,3m 47s,2m 50s,2m 16s
Ezekiel 43,27,907,33.6,6m 2s,4m 32s,3m 37s
Ezekiel 44,31,1031,33.3,6m 52s,5m 9s,4m 7s
Ezekiel 45,25,882,35.3,5m 52s,4m 24s,3m 31s
Ezekiel 46,24,880,36.7,5m 52s,4m 24s,3m 31s
Ezekiel 47,23,780,33.9,5m 12s,3m 54s,3m 7s
Ezekiel 48,35,1045,29.9,6m 58s,5m 13s,4m 10s
Daniel 1,21,589,28.0,3m 55s,2m 56s,2m 21s
Daniel 2,49,1500,30.6,10m 0s,7m 30s,6m 0s
Daniel 3,30,992,33.1,6m 36s,4m 57s,3m 58s
Daniel 4,37,1290,34.9,8m 36s,6m 27s,5m 9s
Daniel 5,31,995,32.1,6m 38s,4m 58s,3m 58s
Daniel 6,28,905,32.3,6m 2s,4m 31s,3m 37s
Daniel 7,28,926,33.1,6m 10s,4m 37s,3m 42s
Daniel 8,27,852,31.6,5m 40s,4m 15s,3m 24s
Daniel 9,27,966,35.8,6m 26s,4m 49s,3m 51s
Daniel 10,21,647,30.8,4m 18s,3m 14s,2m 35s
Daniel 11,45,1529,34.0,10m 11s,7m 38s,6m 6s
Daniel 12,13,411,31.6,2m 44s,2m 3s,1m 38s
Hosea 1,11,355,32.3,2m 22s,1m 46s,1m 25s
Hosea 2,23,678,29.5,4m 31s,3m 23s,2m 42s
Hosea 3,5,156,31.2,1m 2s,0m 46s,0m 37s
Hosea 4,19,465,24.5,3m 6s,2m 19s,1m 51s
Hosea 5,15,368,24.5,2m 27s,1m 50s,1m 28s
Hosea 6,11,254,23.1,1m 41s,1m 16s,1m 0s
Hosea 7,16,398,24.9,2m 39s,1m 59s,1m 35s
Hosea 8,14,330,23.6,2m 12s,1m 39s,1m 19s
Hosea 9,17,468,27.5,3m 7s,2m 20s,1m 52s
Hosea 10,15,425,28.3,2m 50s,2m 7s,1m 42s
Hosea 11,12,308,25.7,2m 3s,1m 32s,1m 13s
Hosea 12,14,311,22.2,2m 4s,1m 33s,1m 14s
Hosea 13,16,426,26.6,2m 50s,2m 7s,1m 42s
Hosea 14,9,232,25.8,1m 32s,1m 9s,0m 55s
Joel 1,20,508,25.4,3m 23s,2m 32s,2m 1s
Joel 2,32,958,29.9,6m 23s,4m 47s,3m 49s
Joel 3,21,567,27.0,3m 46s,2m 50s,2m 16s
Amos 1,15,455,30.3,3m 2s,2m 16s,1m 49s
Amos 2,16,441,27.6,2m 56s,2m 12s,1m 45s
Amos 3,15,397,26.5,2m 38s,1m 59s,1m 35s
Amos 4,13,432,33.2,2m 52s,2m 9s,1m 43s
Amos 5,27,658,24.4,4m 23s,3m 17s,2m 37s
Amos 6,14,399,28.5,2m 39s,1m 59s,1m 35s
Amos 7,17,471,27.7,3m 8s,2m 21s,1m 53s
Amos 8,14,414,29.6,2m 45s,2m 4s,1m 39s
Amos 9,15,549,36.6,3m 39s,2m 44s,2m 11s
Obadiah 1,21,669,31.9,4m 27s,3m 20s,2m 40s
Jonah 1,17,514,30.2,3m 25s,2m 34s,2m 3s
Jonah 2,10,214,21.4,1m 25s,1m 4s,0m 51s
Jonah 3,10,260,26.0,1m 44s,1m 18s,1m 2s
Jonah 4,11,332,30.2,2m 12s,1m 39s,1m 19s
Micah 1,16,452,28.2,3m 0s,2m 15s,1m 48s
Micah 2,13,400,30.8,2m 40s,2m 0s,1m 36s
Micah 3,12,354,29.5,2m 21s,1m 46s,1m 24s
Micah 4,13,476,36.6,3m 10s,2m 22s,1m 54s
Micah 5,15,447,29.8,2m 58s,2m 14s,1m 47s
Micah 6,16,440,27.5,2m 56s,2m 12s,1m 45s
Micah 7,20,583,29.2,3m 53s,2m 54s,2m 19s
Nahum 1,15,394,26.3,2m 37s,1m 58s,1m 34s
Nahum 2,13,371,28.5,2m 28s,1m 51s,1m 29s
Nahum 3,19,519,27.3,3m 27s,2m 35s,2m 4s
Habakkuk 1,17,423,24.9,2m 49s,2m 6s,1m 41s
Habakkuk 2,20,563,28.2,3m 45s,2m 48s,2m 15s
Habakkuk 3,19,489,25.7,3m 15s,2m 26s,1m 57s
Zephaniah 1,18,555,30.8,3m 42s,2m 46s,2m 13s
Zephaniah 2,15,463,30.9,3m 5s,2m 18s,1m 51s
Zephaniah 3,20,598,29.9,3m 59s,2m 59s,2m 23s
Haggai 1,15,451,30.1,3m 0s,2m 15s,1m 48s
Haggai 2,23,679,29.5,4m 31s,3m 23s,2m 42s
Zechariah 1,21,622,29.6,4m 8s,3m 6s,2m 29s
Zechariah 2,13,317,24.4,2m 6s,1m 35s,1m 16s
Zechariah 3,10,296,29.6,1m 58s,1m 28s,1m 11s
Zechariah 4,14,365,26.1,2m 26s,1m 49s,1m 27s
Zechariah 5,11,338,30.7,2m 15s,1m 41s,1m 21s
Zechariah 6,15,424,28.3,2m 49s,2m 7s,1m 41s
Zechariah 7,14,378,27.0,2m 31s,1m 53s,1m 30s
Zechariah 8,23,703,30.6,4m 41s,3m 30s,2m 48s
Zechariah 9,17,537,31.6,3m 34s,2m 41s,2m 8s
Zechariah 10,12,408,34.0,2m 43s,2m 2s,1m 37s
Zechariah 11,17,502,29.5,3m 20s,2m 30s,2m 0s
Zechariah 12,14,462,33.0,3m 4s,2m 18s,1m 50s
Zechariah 13,9,337,37.4,2m 14s,1m 41s,1m 20s
Zechariah 14,21,754,35.9,5m 1s,3m 46s,3m 0s
Malachi 1,14,487,34.8,3m 14s,2m 26s,1m 56s
Malachi 2,17,546,32.1,3m 38s,2m 43s,2m 11s
Malachi 3,18,565,31.4,3m 46s,2m 49s,2m 15s
Malachi 4,6,188,31.3,1m 15s,0m 56s,0m 45s
Matthew 1,25,473,18.9,3m 9s,2m 21s,1m 53s
Matthew 2,23,619,26.9,4m 7s,3m 5s,2m 28s
Matthew 3,17,387,22.8,2m 34s,1m 56s,1m 32s
Matthew 4,25,557,22.3,3m 42s,2m 47s,2m 13s
Matthew 5,48,1081,22.5,7m 12s,5m 24s,4m 19s
Matthew 6,34,794,23.4,5m 17s,3m 58s,3m 10s
Matthew 7,29,626,21.6,4m 10s,3m 7s,2m 30s
Matthew 8,34,773,22.7,5m 9s,3m 51s,3m 5s
Matthew 9,38,837,22.0,5m 34s,4m 11s,3m 20s
Matthew 10,42,919,21.9,6m 7s,4m 35s,3m 40s
Matthew 11,30,668,22.3,4m 27s,3m 20s,2m 40s
Matthew 12,50,1168,23.4,7m 47s,5m 50s,4m 40s
Matthew 13,58,1367,23.6,9m 6s,6m 50s,5m 28s
Matthew 14,36,721,20.0,4m 48s,3m 36s,2m 53s
Matthew 15,39,785,20.1,5m 14s,3m 55s,3m 8s
Matthew 16,28,688,24.6,4m 35s,3m 26s,2m 45s
Matthew 17,27,620,23.0,4m 8s,3m 6s,2m 28s
Matthew 18,35,869,24.8,5m 47s,4m 20s,3m 28s
Matthew 19,30,719,24.0,4m 47s,3m 35s,2m 52s
Matthew 20,34,779,22.9,5m 11s,3m 53s,3m 6s
Matthew 21,46,1126,24.5,7m 30s,5m 37s,4m 30s
Matthew 22,46,828,18.0,5m 31s,4m 8s,3m 18s
Matthew 23,39,833,21.4,5m 33s,4m 9s,3m 19s
Matthew 24,51,1047,20.5,6m 58s,5m 14s,4m 11s
Matthew 25,46,995,21.6,6m 38s,4m 58s,3m 58s
Matthew 26,75,1625,21.7,10m 50s,8m 7s,6m 30s
Matthew 27,66,1359,20.6,9m 3s,6m 47s,5m 26s
Matthew 28,20,421,21.0,2m 48s,2m 6s,1m 41s
Mark 1,45,930,20.7,6m 12s,4m 39s,3m 43s
Mark 2,28,724,25.9,4m 49s,3m 37s,2m 53s
Mark 3,35,663,18.9,4m 25s,3m 18s,2m 39s
Mark 4,41,923,22.5,6m 9s,4m 36s,3m 41s
Mark 5,43,952,22.1,6m 20s,4m 45s,3m 48s
Mark 6,56,1323,23.6,8m 49s,6m 36s,5m 17s
Mark 7,37,806,21.8,5m 22s,4m 1s,3m 13s
Mark 8,38,842,22.2,5m 36s,4m 12s,3m 22s
Mark 9,50,1164,23.3,7m 45s,5m 49s,4m 39s
Mark 10,52,1218,23.4,8m 7s,6m 5s,4m 52s
Mark 11,33,778,23.6,5m 11s,3m 53s,3m 6s
Mark 12,44,1058,24.0,7m 3s,5m 17s,4m 13s
Mark 13,37,828,22.4,5m 31s,4m 8s,3m 18s
Mark 14,72,1595,22.2,10m 38s,7m 58s,6m 22s
Mark 15,47,913,19.4,6m 5s,4m 33s,3m 39s
Mark 16,20,449,22.4,2m 59s,2m 14s,1m 47s
Luke 1,80,1583,19.8,10m 33s,7m 54s,6m 19s
Luke 2,52,1094,21.0,7m 17s,5m 28s,4m 22s
Luke 3,38,1017,26.8,6m 46s,5m 5s,4m 4s
Luke 4,44,1021,23.2,6m 48s,5m 6s,4m 5s
Luke 5,39,949,24.3,6m 19s,4m 44s,3m 47s
Luke 6,49,1229,25.1,8m 11s,6m 8s,4m 54s
Luke 7,50,1209,24.2,8m 3s,6m 2s,4m 50s
Luke 8,56,1431,25.6,9m 32s,7m 9s,5m 43s
Luke 9,62,1457,23.5,9m 42s,7m 17s,5m 49s
Luke 10,42,992,23.6,6m 36s,4m 57s,3m 58s
Luke 11,54,1331,24.6,8m 52s,6m 39s,5m 19s
Luke 12,59,1407,23.8,9m 22s,7m 2s,5m 37s
Luke 13,35,864,24.7,5m 45s,4m 19s,3m 27s
Luke 14,35,812,23.2,5m 24s,4m 3s,3m 14s
Luke 15,32,725,22.7,4m 50s,3m 37s,2m 54s
Luke 16,31,752,24.3,5m 0s,3m 45s,3m 0s
Luke 17,37,809,21.9,5m 23s,4m 2s,3m 14s
Luke 18,43,868,20.2,5m 47s,4m 20s,3m 28s
Luke 19,48,1047,21.8,6m 58s,5m 14s,4m 11s
Luke 20,47,954,20.3,6m 21s,4m 46s,3m 48s
Luke 21,38,820,21.6,5m 28s,4m 5s,3m 16s
Luke 22,71,1396,19.7,9m 18s,6m 58s,5m 35s
Luke 23,56,1117,19.9,7m 26s,5m 35s,4m 28s
Luke 24,53,1055,19.9,7m 2s,5m 16s,4m 13s
John 1,51,1004,19.7,6m 41s,5m 1s,4m 0s
John 2,25,510,20.4,3m 24s,2m 33s,2m 2s
John 3,36,763,21.2,5m 5s,3m 48s,3m 3s
John 4,54,1094,20.3,7m 17s,5m 28s,4m 22s
John 5,47,1001,21.3,6m 40s,5m 0s,4m 0s
John 6,71,1506,21.2,10m 2s,7m 31s,6m 1s
John 7,53,1002,18.9,6m 40s,5m 0s,4m 0s
John 8,59,1307,22.2,8m 42s,6m 32s,5m 13s
John 9,41,876,21.4,5m 50s,4m 22s,3m 30s
John 10,42,820,19.5,5m 28s,4m 5s,3m 16s
John 11,57,1157,20.3,7m 42s,5m 47s,4m 37s
John 12,50,1060,21.2,7m 4s,5m 18s,4m 14s
John 13,38,826,21.7,5m 30s,4m 7s,3m 18s
John 14,31,731,23.6,4m 52s,3m 39s,2m 55s
John 15,27,613,22.7,4m 5s,3m 3s,2m 27s
John 16,33,789,23.9,5m 15s,3m 56s,3m 9s
John 17,26,636,24.5,4m 14s,3m 10s,2m 32s
John 18,40,947,23.7,6m 18s,4m 44s,3m 47s
John 19,42,1010,24.0,6m 44s,5m 3s,4m 2s
John 20,31,749,24.2,4m 59s,3m 44s,2m 59s
John 21,25,693,27.7,4m 37s,3m 27s,2m 46s
Acts 1,26,661,25.4,4m 24s,3m 18s,2m 38s
Acts 2,47,1021,21.7,6m 48s,5m 6s,4m 5s
Acts 3,26,634,24.4,4m 13s,3m 10s,2m 32s
Acts 4,37,865,23.4,5m 46s,4m 19s,3m 27s
Acts 5,42,1026,24.4,6m 50s,5m 7s,4m 6s
Acts 6,15,355,23.7,2m 22s,1m 46s,1m 25s
Acts 7,60,1430,23.8,9m 32s,7m 9s,5m 43s
Acts 8,40,883,22.1,5m 53s,4m 24s,3m 31s
Acts 9,43,1046,24.3,6m 58s,5m 13s,4m 11s
Acts 10,48,1108,23.1,7m 23s,5m 32s,4m 25s
Acts 11,30,667,22.2,4m 26s,3m 20s,2m 40s
Acts 12,25,662,26.5,4m 24s,3m 18s,2m 38s
Acts 13,52,1272,24.5,8m 28s,6m 21s,5m 5s
Acts 14,28,627,22.4,4m 10s,3m 8s,2m 30s
Acts 15,41,925,22.6,6m 10s,4m 37s,3m 42s
Acts 16,40,943,23.6,6m 17s,4m 42s,3m 46s
Acts 17,34,855,25.1,5m 42s,4m 16s,3m 25s
Acts 18,28,664,23.7,4m 25s,3m 19s,2m 39s
Acts 19,41,975,23.8,6m 30s,4m 52s,3m 54s
Acts 20,38,882,23.2,5m 52s,4m 24s,3m 31s
Acts 21,40,1067,26.7,7m 6s,5m 20s,4m 16s
Acts 22,30,773,25.8,5m 9s,3m 51s,3m 5s
Acts 23,35,921,26.3,6m 8s,4m 36s,3m 41s
Acts 24,27,640,23.7,4m 16s,3m 12s,2m 33s
Acts 25,27,711,26.3,4m 44s,3m 33s,2m 50s
Acts 26,32,781,24.4,5m 12s,3m 54s,3m 7s
Acts 27,44,1033,23.5,6m 53s,5m 9s,4m 7s
Acts 28,31,818,26.4,5m 27s,4m 5s,3m 16s
Romans 1,32,714,22.3,4m 45s,3m 34s,2m 51s
Romans 2,29,604,20.8,4m 1s,3m 1s,2m 24s
Romans 3,31,562,18.1,3m 44s,2m 48s,2m 14s
Romans 4,25,546,21.8,3m 38s,2m 43s,2m 11s
Romans 5,21,480,22.9,3m 12s,2m 24s,1m 55s
Romans 6,23,484,21.0,3m 13s,2m 25s,1m 56s
Romans 7,25,605,24.2,4m 2s,3m 1s,2m 25s
Romans 8,39,903,23.2,6m 1s,4m 30s,3m 36s
Romans 9,33,719,21.8,4m 47s,3m 35s,2m 52s
Romans 10,21,461,22.0,3m 4s,2m 18s,1m 50s
Romans 11,36,818,22.7,5m 27s,4m 5s,3m 16s
Romans 12,21,397,18.9,2m 38s,1m 59s,1m 35s
Romans 13,14,361,25.8,2m 24s,1m 48s,1m 26s
Romans 14,23,525,22.8,3m 30s,2m 37s,2m 6s
Romans 15,33,742,22.5,4m 56s,3m 42s,2m 58s
Romans 16,27,517,19.1,3m 26s,2m 35s,2m 4s
1 Corinthians 1,31,649,20.9,4m 19s,3m 14s,2m 35s
1 Corinthians 2,16,373,23.3,2m 29s,1m 51s,1m 29s
1 Corinthians 3,23,459,20.0,3m 3s,2m 17s,1m 50s
1 Corinthians 4,21,509,24.2,3m 23s,2m 32s,2m 2s
1 Corinthians 5,13,321,24.7,2m 8s,1m 36s,1m 17s
1 Corinthians 6,20,465,23.2,3m 6s,2m 19s,1m 51s
1 Corinthians 7,40,959,24.0,6m 23s,4m 47s,3m 50s
1 Corinthians 8,13,309,23.8,2m 3s,1m 32s,1m 14s
1 Corinthians 9,27,671,24.9,4m 28s,3m 21s,2m 41s
1 Corinthians 10,33,667,20.2,4m 26s,3m 20s,2m 40s
1 Corinthians 11,34,718,21.1,4m 47s,3m 35s,2m 52s
1 Corinthians 12,31,593,19.1,3m 57s,2m 57s,2m 22s
1 Corinthians 13,13,270,20.8,1m 48s,1m 21s,1m 4s
1 Corinthians 14,40,887,22.2,5m 54s,4m 26s,3m 32s
1 Corinthians 15,58,1166,20.1,7m 46s,5m 49s,4m 39s
1 Corinthians 16,24,464,19.3,3m 5s,2m 19s,1m 51s
2 Corinthians 1,24,591,24.6,3m 56s,2m 57s,2m 21s
2 Corinthians 2,17,401,23.6,2m 40s,2m 0s,1m 36s
2 Corinthians 3,18,389,21.6,2m 35s,1m 56s,1m 33s
2 Corinthians 4,18,406,22.6,2m 42s,2m 1s,1m 37s
2 Corinthians 5,21,487,23.2,3m 14s,2m 26s,1m 56s
2 Corinthians 6,18,357,19.8,2m 22s,1m 47s,1m 25s
2 Corinthians 7,16,452,28.2,3m 0s,2m 15s,1m 48s
2 Corinthians 8,24,568,23.7,3m 47s,2m 50s,2m 16s
2 Corinthians 9,15,355,23.7,2m 22s,1m 46s,1m 25s
2 Corinthians 10,18,437,24.3,2m 54s,2m 11s,1m 44s
2 Corinthians 11,33,718,21.8,4m 47s,3m 35s,2m 52s
2 Corinthians 12,21,589,28.0,3m 55s,2m 56s,2m 21s
2 Corinthians 13,14,333,23.8,2m 13s,1m 39s,1m 19s
Galatians 1,24,453,18.9,3m 1s,2m 15s,1m 48s
Galatians 2,21,573,27.3,3m 49s,2m 51s,2m 17s
Galatians 3,29,648,22.3,4m 19s,3m 14s,2m 35s
Galatians 4,31,610,19.7,4m 4s,3m 3s,2m 26s
Galatians 5,26,447,17.2,2m 58s,2m 14s,1m 47s
Galatians 6,18,359,19.9,2m 23s,1m 47s,1m 26s
Ephesians 1,23,508,22.1,3m 23s,2m 32s,2m 1s
Ephesians 2,22,453,20.6,3m 1s,2m 15s,1m 48s
Ephesians 3,21,410,19.5,2m 44s,2m 2s,1m 38s
Ephesians 4,32,617,19.3,4m 6s,3m 5s,2m 28s
Ephesians 5,33,564,17.1,3m 45s,2m 49s,2m 15s
Ephesians 6,24,478,19.9,3m 11s,2m 23s,1m 54s
Philippians 1,30,632,21.1,4m 12s,3m 9s,2m 31s
Philippians 2,30,601,20.0,4m 0s,3m 0s,2m 24s
Philippians 3,21,483,23.0,3m 13s,2m 24s,1m 55s
Philippians 4,23,477,20.7,3m 10s,2m 23s,1m 54s
Colossians 1,29,656,22.6,4m 22s,3m 16s,2m 37s
Colossians 2,23,503,21.9,3m 21s,2m 30s,2m 0s
Colossians 3,25,457,18.3,3m 2s,2m 17s,1m 49s
Colossians 4,18,373,20.7,2m 29s,1m 51s,1m 29s
1 Thessalonians 1,10,253,25.3,1m 41s,1m 15s,1m 0s
1 Thessalonians 2,20,479,24.0,3m 11s,2m 23s,1m 54s
1 Thessalonians 3,13,295,22.7,1m 58s,1m 28s,1m 10s
1 Thessalonians 4,18,396,22.0,2m 38s,1m 58s,1m 35s
1 Thessalonians 5,28,424,15.1,2m 49s,2m 7s,1m 41s
2 Thessalonians 1,12,291,24.2,1m 56s,1m 27s,1m 9s
2 Thessalonians 2,17,381,22.4,2m 32s,1m 54s,1m 31s
2 Thessalonians 3,18,360,20.0,2m 24s,1m 48s,1m 26s
1 Timothy 1,20,432,21.6,2m 52s,2m 9s,1m 43s
1 Timothy 2,15,247,16.5,1m 38s,1m 14s,0m 59s
1 Timothy 3,16,324,20.2,2m 9s,1m 37s,1m 17s
1 Timothy 4,16,310,19.4,2m 4s,1m 33s,1m 14s
1 Timothy 5,25,470,18.8,3m 8s,2m 21s,1m 52s
1 Timothy 6,21,477,22.7,3m 10s,2m 23s,1m 54s
2 Timothy 1,18,438,24.3,2m 55s,2m 11s,1m 45s
2 Timothy 2,26,506,19.5,3m 22s,2m 31s,2m 1s
2 Timothy 3,17,297,17.5,1m 58s,1m 29s,1m 11s
2 Timothy 4,22,453,20.6,3m 1s,2m 15s,1m 48s
Titus 1,16,337,21.1,2m 14s,1m 41s,1m 20s
Titus 2,15,265,17.7,1m 46s,1m 19s,1m 3s
Titus 3,15,313,20.9,2m 5s,1m 33s,1m 15s
Philemon 1,25,439,17.6,2m 55s,2m 11s,1m 45s
Hebrews 1,14,338,24.1,2m 15s,1m 41s,1m 21s
Hebrews 2,18,472,26.2,3m 8s,2m 21s,1m 53s
Hebrews 3,19,362,19.1,2m 24s,1m 48s,1m 26s
Hebrews 4,16,404,25.2,2m 41s,2m 1s,1m 36s
Hebrews 5,14,321,22.9,2m 8s,1m 36s,1m 17s
Hebrews 6,20,425,21.2,2m 50s,2m 7s,1m 42s
Hebrews 7,28,607,21.7,4m 2s,3m 2s,2m 25s
Hebrews 8,13,387,29.8,2m 34s,1m 56s,1m 32s
Hebrews 9,28,678,24.2,4m 31s,3m 23s,2m 42s
Hebrews 10,39,784,20.1,5m 13s,3m 55s,3m 8s
Hebrews 11,40,922,23.0,6m 8s,4m 36s,3m 41s
Hebrews 12,29,696,24.0,4m 38s,3m 28s,2m 47s
Hebrews 13,25,509,20.4,3m 23s,2m 32s,2m 2s
James 1,27,544,20.1,3m 37s,2m 43s,2m 10s
James 2,26,528,20.3,3m 31s,2m 38s,2m 6s
James 3,18,378,21.0,2m 31s,1m 53s,1m 30s
James 4,17,369,21.7,2m 27s,1m 50s,1m 28s
James 5,20,485,24.2,3m 14s,2m 25s,1m 56s
1 Peter 1,25,597,23.9,3m 58s,2m 59s,2m 23s
1 Peter 2,25,549,22.0,3m 39s,2m 44s,2m 11s
1 Peter 3,22,551,25.0,3m 40s,2m 45s,2m 12s
1 Peter 4,19,479,25.2,3m 11s,2m 23s,1m 54s
1 Peter 5,14,300,21.4,2m 0s,1m 30s,1m 12s
2 Peter 1,21,488,23.2,3m 15s,2m 26s,1m 57s
2 Peter 2,22,581,26.4,3m 52s,2m 54s,2m 19s
2 Peter 3,18,484,26.9,3m 13s,2m 25s,1m 56s
1 John 1,10,247,24.7,1m 38s,1m 14s,0m 59s
1 John 2,29,736,25.4,4m 54s,3m 40s,2m 56s
1 John 3,24,534,22.2,3m 33s,2m 40s,2m 8s
1 John 4,21,480,22.9,3m 12s,2m 24s,1m 55s
1 John 5,21,520,24.8,3m 28s,2m 36s,2m 4s
2 John 1,13,298,22.9,1m 59s,1m 29s,1m 11s
3 John 1,14,294,21.0,1m 57s,1m 28s,1m 10s
Jude 1,25,608,24.3,4m 3s,3m 2s,2m 25s
Revelation 1,20,592,29.6,3m 56s,2m 57s,2m 22s
Revelation 2,29,802,27.7,5m 20s,4m 0s,3m 12s
Revelation 3,22,658,29.9,4m 23s,3m 17s,2m 37s
Revelation 4,11,348,31.6,2m 19s,1m 44s,1m 23s
Revelation 5,14,435,31.1,2m 54s,2m 10s,1m 44s
Revelation 6,17,540,31.8,3m 36s,2m 42s,2m 9s
Revelation 7,17,491,28.9,3m 16s,2m 27s,1m 57s
Revelation 8,13,397,30.5,2m 38s,1m 59s,1m 35s
Revelation 9,21,592,28.2,3m 56s,2m 57s,2m 22s
Revelation 10,11,353,32.1,2m 21s,1m 45s,1m 24s
Revelation 11,19,580,30.5,3m 52s,2m 54s,2m 19s
Revelation 12,17,497,29.2,3m 18s,2m 29s,1m 59s
Revelation 13,18,538,29.9,3m 35s,2m 41s,2m 9s
Revelation 14,20,651,32.6,4m 20s,3m 15s,2m 36s
Revelation 15,8,252,31.5,1m 40s,1m 15s,1m 0s
Revelation 16,21,567,27.0,3m 46s,2m 50s,2m 16s
Revelation 17,18,522,29.0,3m 28s,2m 36s,2m 5s
Revelation 18,24,747,31.1,4m 58s,3m 44s,2m 59s
Revelation 19,21,634,30.2,4m 13s,3m 10s,2m 32s
Revelation 20,15,477,31.8,3m 10s,2m 23s,1m 54s
Revelation 21,27,749,27.7,4m 59s,3m 44s,2m 59s
Revelation 22,21,575,27.4,3m 50s,2m 52s,2m 18s
